{
  "properties": {
    "connectionReferences": {
      "shared_microsoftforms": {
        "runtimeSource": "embedded",
        "connection": {
          "connectionReferenceLogicalName": "uzhbf_thesisplatform_forms_ref"
        },
        "api": {
          "name": "shared_microsoftforms"
        }
      },
      "shared_azuremysql": {
        "runtimeSource": "embedded",
        "connection": {
          "connectionReferenceLogicalName": "uzhbf_thesisplatform_sql_ref"
        },
        "api": {
          "name": "shared_azuremysql"
        }
      },
      "shared_sharepointonline": {
        "runtimeSource": "embedded",
        "connection": {
          "connectionReferenceLogicalName": "uzhbf_thesisplatform_sharePoint_ref"
        },
        "api": {
          "name": "shared_sharepointonline"
        }
      },
      "shared_onedriveforbusiness": {
        "runtimeSource": "embedded",
        "connection": {
          "connectionReferenceLogicalName": "uzhbf_thesisplatform_oneDrive_ref"
        },
        "api": {
          "name": "shared_onedriveforbusiness"
        }
      },
      "shared_office365_1": {
        "runtimeSource": "embedded",
        "connection": {
          "connectionReferenceLogicalName": "uzhbf_thesisplatform_outlook365_ref"
        },
        "api": {
          "name": "shared_office365"
        }
      },
      "shared_sendmail-2": {
        "runtimeSource": "embedded",
        "connection": {
          "connectionReferenceLogicalName": "uzhbf_thesisplatform_mail_ref"
        },
        "api": {
          "name": "shared_sendmail"
        }
      }
    },
    "definition": {
      "$schema": "https://schema.management.azure.com/providers/Microsoft.Logic/schemas/2016-06-01/workflowdefinition.json#",
      "contentVersion": "1.0.0.0",
      "parameters": {
        "$connections": {
          "defaultValue": {},
          "type": "Object"
        },
        "$authentication": {
          "defaultValue": {},
          "type": "SecureObject"
        },
        "Sharepoint Site (uzhbf_thesisplatform_sharepoint_site_env_var)": {
          "defaultValue": "https://uzh.sharepoint.com/sites/UZHBFThesisPlatformDEV",
          "type": "String",
          "metadata": {
            "schemaName": "uzhbf_thesisplatform_sharepoint_site_env_var"
          }
        },
        "Publish Thesis Proposal Forms Id (uzhbf_thesisplatform_publish_thesis_proposal_forms_id_env_var)": {
          "defaultValue": "2zjkx2LkIkypCsNYsWmAs1QgPDYXFIJFoTn3sHbg3YFUOFBGVEI2SlY2WEVQRUc0VUFIRUdKNDE5QS4u",
          "type": "String",
          "metadata": {
            "schemaName": "uzhbf_thesisplatform_publish_thesis_proposal_forms_id_env_var"
          }
        },
        "Outlook From Address (uzhbf_thesisplatform_outlook_from_address_env_var)": {
          "defaultValue": "maximilian.weber@bf.uzh.ch",
          "type": "String",
          "metadata": {
            "schemaName": "uzhbf_thesisplatform_outlook_from_address_env_var"
          }
        },
        "Outlook Management Inbox (uzhbf_thesisplatform_thesis_inbox_env_var)": {
          "defaultValue": "maximilian.weber@bf.uzh.ch",
          "type": "String",
          "metadata": {
            "schemaName": "uzhbf_thesisplatform_thesis_inbox_env_var"
          }
        },
        "Supervisors List Name (uzhbf_thesisplatform_supervisors_list_name_env_var)": {
          "defaultValue": "Thesis Supervisors",
          "type": "String",
          "metadata": {
            "schemaName": "uzhbf_thesisplatform_supervisors_list_name_env_var"
          }
        },
        "Proposals Document Library Name (uzhbf_thesisplatform_proposals_document_library_name_env_var)": {
          "defaultValue": "ProposalDocuments",
          "type": "String",
          "metadata": {
            "schemaName": "uzhbf_thesisplatform_proposals_document_library_name_env_var"
          }
        },
        "Environment (uzhbf_thesisplatform_environment_env_var)": {
          "defaultValue": "DEV",
          "type": "String",
          "metadata": {
            "schemaName": "uzhbf_thesisplatform_environment_env_var"
          }
        },
        "Email Failure Notification (uzhbf_thesisplatform_email_failure_env_var)": {
          "defaultValue": "flow@bf.uzh.ch",
          "type": "String",
          "metadata": {
            "schemaName": "uzhbf_thesisplatform_email_failure_env_var"
          }
        }
      },
      "triggers": {
        "When_a_new_response_is_submitted": {
          "splitOn": "@triggerOutputs()?['body/value']",
          "metadata": {
            "operationMetadataId": "4be9950e-3162-44c8-9488-522170fcad25"
          },
          "type": "OpenApiConnectionWebhook",
          "inputs": {
            "host": {
              "connectionName": "shared_microsoftforms",
              "operationId": "CreateFormWebhook",
              "apiId": "/providers/Microsoft.PowerApps/apis/shared_microsoftforms"
            },
            "parameters": {
              "form_id": "@parameters('Publish Thesis Proposal Forms Id (uzhbf_thesisplatform_publish_thesis_proposal_forms_id_env_var)')"
            },
            "authentication": "@parameters('$authentication')"
          }
        }
      },
      "actions": {
        "InitializeProposalId": {
          "runAfter": {},
          "metadata": {
            "operationMetadataId": "67873cd9-daa1-4506-8f4f-afd1c518e723"
          },
          "type": "InitializeVariable",
          "inputs": {
            "variables": [
              {
                "name": "ProposalId",
                "type": "string"
              }
            ]
          }
        },
        "InitializeSupervisorEmail": {
          "runAfter": {
            "InitializeProposalId": [
              "Succeeded"
            ]
          },
          "metadata": {
            "operationMetadataId": "e95b9b49-06d5-4c3c-8ab2-4aefcc8dc16f"
          },
          "type": "InitializeVariable",
          "inputs": {
            "variables": [
              {
                "name": "SupervisorEmail",
                "type": "string"
              }
            ]
          }
        },
        "InitializeTopicArea": {
          "runAfter": {
            "InitializeSupervisorEmail": [
              "Succeeded"
            ]
          },
          "metadata": {
            "operationMetadataId": "86a0ff6b-0ad7-4176-a775-8140f15fb26a"
          },
          "type": "InitializeVariable",
          "inputs": {
            "variables": [
              {
                "name": "TopicArea",
                "type": "string"
              }
            ]
          }
        },
        "InitializeProposalPdfName": {
          "runAfter": {
            "InitializeTopicArea": [
              "Succeeded"
            ]
          },
          "metadata": {
            "operationMetadataId": "53c3620d-45cc-4519-9722-9781fd23386f"
          },
          "type": "InitializeVariable",
          "inputs": {
            "variables": [
              {
                "name": "ProposalPDFName",
                "type": "string"
              }
            ]
          }
        },
        "Try": {
          "actions": {
            "GetResponseDetails": {
              "runAfter": {},
              "metadata": {
                "operationMetadataId": "a4ebfb3a-cca3-40f0-ae3c-bcc1463b605d"
              },
              "type": "OpenApiConnection",
              "inputs": {
                "host": {
                  "connectionName": "shared_microsoftforms",
                  "operationId": "GetFormResponseById",
                  "apiId": "/providers/Microsoft.PowerApps/apis/shared_microsoftforms"
                },
                "parameters": {
                  "form_id": "@parameters('Publish Thesis Proposal Forms Id (uzhbf_thesisplatform_publish_thesis_proposal_forms_id_env_var)')",
                  "response_id": "@triggerOutputs()?['body/resourceData/responseId']"
                },
                "authentication": "@parameters('$authentication')"
              }
            },
            "SetProposalId": {
              "runAfter": {
                "GetResponseDetails": [
                  "Succeeded"
                ]
              },
              "metadata": {
                "operationMetadataId": "529ff450-b0d9-46cb-8014-8b375da2ca7e"
              },
              "type": "SetVariable",
              "inputs": {
                "name": "ProposalId",
                "value": "@{guid()}"
              }
            },
            "GetMatchingUsers": {
              "runAfter": {
                "SetProposalId": [
                  "Succeeded"
                ]
              },
              "metadata": {
                "operationMetadataId": "0ba12ef9-1a14-4f00-a1cd-ef238599c322"
              },
              "type": "OpenApiConnection",
              "inputs": {
                "host": {
                  "connectionName": "shared_azuremysql",
                  "operationId": "GetItems",
                  "apiId": "/providers/Microsoft.PowerApps/apis/shared_azuremysql"
                },
                "parameters": {
                  "server": "default",
                  "database": "default",
                  "table": "[main].[user]",
                  "$filter": "email eq '@{outputs('GetResponseDetails')?['body/responder']}'"
                },
                "authentication": "@parameters('$authentication')"
              }
            },
            "IfUserExists": {
              "actions": {},
              "runAfter": {
                "GetMatchingUsers": [
                  "Succeeded"
                ]
              },
              "else": {
                "actions": {
                  "PersistNewUser": {
                    "runAfter": {},
                    "metadata": {
                      "operationMetadataId": "5e447837-c6a0-4b84-bd3d-46efd8c4f5ba"
                    },
                    "type": "OpenApiConnection",
                    "inputs": {
                      "host": {
                        "connectionName": "shared_azuremysql",
                        "operationId": "PostItem",
                        "apiId": "/providers/Microsoft.PowerApps/apis/shared_azuremysql"
                      },
                      "parameters": {
                        "server": "default",
                        "database": "default",
                        "table": "[main].[user]",
                        "item/id": "@guid()",
                        "item/name": "Anonymous",
                        "item/email": "@outputs('GetResponseDetails')?['body/responder']",
                        "item/role": "SUPERVISOR",
                        "item/createdAt": "@outputs('GetResponseDetails')?['body/submitDate']",
                        "item/updatedAt": "@outputs('GetResponseDetails')?['body/submitDate']"
                      },
                      "authentication": "@parameters('$authentication')"
                    }
                  }
                }
              },
              "expression": {
                "greater": [
                  "@length(body('GetMatchingUsers')['value'])",
                  0
                ]
              },
              "metadata": {
                "operationMetadataId": "c3ab16c6-9dd8-4538-bc92-c9281ec2ed1d"
              },
              "type": "If"
            },
            "GetSupervisors": {
              "runAfter": {
                "SetProposalId": [
                  "Succeeded"
                ]
              },
              "metadata": {
                "operationMetadataId": "5ed3ba8d-d9c6-462a-8c1a-04cb56e2b4b7"
              },
              "type": "OpenApiConnection",
              "inputs": {
                "host": {
                  "connectionName": "shared_sharepointonline",
                  "operationId": "GetItems",
                  "apiId": "/providers/Microsoft.PowerApps/apis/shared_sharepointonline"
                },
                "parameters": {
                  "dataset": "@parameters('Sharepoint Site (uzhbf_thesisplatform_sharepoint_site_env_var)')",
                  "table": "@parameters('Supervisors List Name (uzhbf_thesisplatform_supervisors_list_name_env_var)')",
                  "$filter": "field_1 eq '@{outputs('GetResponseDetails')?['body/ra234958191ee49a28a4fc68389dd0ce2']}'",
                  "$top": 1
                },
                "authentication": "@parameters('$authentication')"
              }
            },
            "SetSupervisorEmail": {
              "runAfter": {
                "GetSupervisors": [
                  "Succeeded"
                ]
              },
              "metadata": {
                "operationMetadataId": "2059bc6b-37e7-4256-b83b-7e5f0e6c33ac"
              },
              "type": "SetVariable",
              "inputs": {
                "name": "SupervisorEmail",
                "value": "@{first(body('GetSupervisors')['value'])['Title']}"
              }
            },
            "IsProposalPdfAttached": {
              "actions": {
                "ParseProposalPDF": {
                  "runAfter": {},
                  "metadata": {
                    "operationMetadataId": "fa91e1d7-7937-4285-8fc3-677cb8bf6a7c"
                  },
                  "type": "ParseJson",
                  "inputs": {
                    "content": "@outputs('GetResponseDetails')?['body/rdde59a23cc104fc7b93e394925f30168']",
                    "schema": {
                      "items": {
                        "properties": {
                          "driveId": {
                            "type": "string"
                          },
                          "id": {
                            "type": "string"
                          },
                          "link": {
                            "type": "string"
                          },
                          "name": {
                            "type": "string"
                          },
                          "referenceId": {
                            "type": "string"
                          },
                          "size": {
                            "type": "integer"
                          },
                          "status": {
                            "type": "integer"
                          },
                          "type": {},
                          "uploadSessionUrl": {}
                        },
                        "required": [
                          "name",
                          "link",
                          "id",
                          "type",
                          "size",
                          "referenceId",
                          "driveId",
                          "status",
                          "uploadSessionUrl"
                        ],
                        "type": "object"
                      },
                      "type": "array"
                    }
                  }
                },
                "SetProposalPdfName": {
                  "runAfter": {
                    "ParseProposalPDF": [
                      "Succeeded"
                    ]
                  },
                  "metadata": {
                    "operationMetadataId": "ca060dab-9368-4d1a-9f33-f0015cadcdd2"
                  },
                  "type": "SetVariable",
                  "inputs": {
                    "name": "ProposalPDFName",
                    "value": "@{first(body('ParseProposalPDF'))?['name']}"
                  }
                },
                "GetFileUploadProposalPDF": {
                  "runAfter": {
                    "SetProposalPdfName": [
                      "Succeeded"
                    ]
                  },
                  "metadata": {
                    "operationMetadataId": "339b9272-47e6-4510-8a05-dad3e41ab01d"
                  },
                  "type": "OpenApiConnection",
                  "inputs": {
                    "host": {
                      "connectionName": "shared_onedriveforbusiness",
                      "operationId": "GetFileContentByPath",
                      "apiId": "/providers/Microsoft.PowerApps/apis/shared_onedriveforbusiness"
                    },
                    "parameters": {
                      "path": "/Apps/Microsoft Forms/Publish Thesis Proposal/Research Proposal (PDF)/@{variables('ProposalPDFName')}",
                      "inferContentType": true
                    },
                    "authentication": "@parameters('$authentication')"
                  }
                },
                "PersistProposalPDF": {
                  "runAfter": {
                    "GetFileUploadProposalPDF": [
                      "Succeeded"
                    ]
                  },
                  "metadata": {
                    "operationMetadataId": "73d10613-2f21-405c-94f2-a864355e8d60"
                  },
                  "type": "OpenApiConnection",
                  "inputs": {
                    "host": {
                      "connectionName": "shared_sharepointonline",
                      "operationId": "CreateFile",
                      "apiId": "/providers/Microsoft.PowerApps/apis/shared_sharepointonline"
                    },
                    "parameters": {
                      "dataset": "@parameters('Sharepoint Site (uzhbf_thesisplatform_sharepoint_site_env_var)')",
                      "folderPath": "/@{parameters('Proposals Document Library Name (uzhbf_thesisplatform_proposals_document_library_name_env_var)')}/Proposals/@{outputs('GetResponseDetails')?['body/responder']}",
                      "name": "@{variables('ProposalId')}.pdf",
                      "body": "@body('GetFileUploadProposalPDF')"
                    },
                    "authentication": "@parameters('$authentication')"
                  },
                  "runtimeConfiguration": {
                    "contentTransfer": {
                      "transferMode": "Chunked"
                    }
                  }
                },
                "CreateShareLinkProposalPDF": {
                  "runAfter": {
                    "PersistProposalPDF": [
                      "Succeeded"
                    ]
                  },
                  "metadata": {
                    "operationMetadataId": "c63fa1e6-f889-4076-b4d1-47638b03d785"
                  },
                  "type": "OpenApiConnection",
                  "inputs": {
                    "host": {
                      "connectionName": "shared_sharepointonline",
                      "operationId": "CreateSharingLink",
                      "apiId": "/providers/Microsoft.PowerApps/apis/shared_sharepointonline"
                    },
                    "parameters": {
                      "dataset": "@parameters('Sharepoint Site (uzhbf_thesisplatform_sharepoint_site_env_var)')",
                      "table": "@parameters('Proposals Document Library Name (uzhbf_thesisplatform_proposals_document_library_name_env_var)')",
                      "id": "@outputs('PersistProposalPDF')?['body/ItemId']",
                      "permission/type": "view",
                      "permission/scope": "organization"
                    },
                    "authentication": "@parameters('$authentication')"
                  }
                },
                "PersistProposalAttachment": {
                  "runAfter": {
                    "CreateShareLinkProposalPDF": [
                      "Succeeded"
                    ]
                  },
                  "metadata": {
                    "operationMetadataId": "2e44e2bf-bb36-4238-8ab8-7804f6a6725d"
                  },
                  "type": "OpenApiConnection",
                  "inputs": {
                    "host": {
                      "connectionName": "shared_azuremysql",
                      "operationId": "PostItem",
                      "apiId": "/providers/Microsoft.PowerApps/apis/shared_azuremysql"
                    },
                    "parameters": {
                      "server": "default",
                      "database": "default",
                      "table": "[main].[proposalattachment]",
                      "item/id": "@{guid()}",
                      "item/name": "Proposal",
                      "item/href": "@outputs('CreateShareLinkProposalPDF')?['body/link/webUrl']",
                      "item/type": "@outputs('PersistProposalPDF')?['body/MediaType']",
                      "item/proposalId": "@variables('ProposalId')",
                      "item/createdAt": "@outputs('GetResponseDetails')?['body/submitDate']",
                      "item/updatedAt": "@outputs('GetResponseDetails')?['body/submitDate']"
                    },
                    "authentication": "@parameters('$authentication')"
                  }
                }
              },
              "runAfter": {
                "SetProposalId": [
                  "Succeeded"
                ]
              },
              "expression": {
                "not": {
                  "equals": [
                    "@outputs('GetResponseDetails')?['body/rdde59a23cc104fc7b93e394925f30168']",
                    ""
                  ]
                }
              },
              "metadata": {
                "operationMetadataId": "a4c8c8ae-151d-4349-9dfc-5fd8ee44e922"
              },
              "type": "If"
            },
            "GetMatchingSupervisor": {
              "runAfter": {
                "SetSupervisorEmail": [
                  "Succeeded"
                ],
                "IfUserExists": [
                  "Succeeded"
                ]
              },
              "metadata": {
                "operationMetadataId": "ecae3a00-da6c-48dd-a659-a020e89065e7"
              },
              "type": "OpenApiConnection",
              "inputs": {
                "host": {
                  "connectionName": "shared_azuremysql",
                  "operationId": "GetItems",
                  "apiId": "/providers/Microsoft.PowerApps/apis/shared_azuremysql"
                },
                "parameters": {
                  "server": "default",
                  "database": "default",
                  "table": "[main].[user]",
                  "$filter": "Email eq '@{variables('SupervisorEmail')}'",
                  "$top": 1
                },
                "authentication": "@parameters('$authentication')"
              }
            },
            "IfSupervisorExists": {
              "actions": {},
              "runAfter": {
                "GetMatchingSupervisor": [
                  "Succeeded"
                ]
              },
              "else": {
                "actions": {
                  "PersistNewSupervisor": {
                    "runAfter": {},
                    "metadata": {
                      "operationMetadataId": "0bc44550-c738-4962-afd9-8944446555e6"
                    },
                    "type": "OpenApiConnection",
                    "inputs": {
                      "host": {
                        "connectionName": "shared_azuremysql",
                        "operationId": "PostItem",
                        "apiId": "/providers/Microsoft.PowerApps/apis/shared_azuremysql"
                      },
                      "parameters": {
                        "server": "default",
                        "database": "default",
                        "table": "[main].[user]",
                        "item/id": "@guid()",
                        "item/name": "@outputs('GetResponseDetails')?['body/ra234958191ee49a28a4fc68389dd0ce2']",
                        "item/email": "@variables('SupervisorEmail')",
                        "item/role": "SUPERVISOR",
                        "item/createdAt": "@outputs('GetResponseDetails')?['body/submitDate']",
                        "item/updatedAt": "@outputs('GetResponseDetails')?['body/submitDate']"
                      },
                      "authentication": "@parameters('$authentication')"
                    }
                  }
                }
              },
              "expression": {
                "greater": [
                  "@length(body('GetMatchingSupervisor')['value'])",
                  0
                ]
              },
              "metadata": {
                "operationMetadataId": "c369f54e-1077-42b2-ab0c-b64862ab1b57"
              },
              "type": "If"
            },
            "PersistProposal": {
              "runAfter": {
                "SetTopicArea": [
                  "Succeeded"
                ]
              },
              "metadata": {
                "operationMetadataId": "29966d86-05ac-472a-a145-9be54394940c"
              },
              "type": "OpenApiConnection",
              "inputs": {
                "host": {
                  "connectionName": "shared_azuremysql",
                  "operationId": "PostItem",
                  "apiId": "/providers/Microsoft.PowerApps/apis/shared_azuremysql"
                },
                "parameters": {
                  "server": "default",
                  "database": "default",
                  "table": "[main].[proposal]",
                  "item/id": "@variables('ProposalId')",
                  "item/title": "@outputs('GetResponseDetails')?['body/r2b3875d21899474a988a886e0d5b3621']",
                  "item/description": "@outputs('GetResponseDetails')?['body/rc6188bd68e4d4ab19206e5e06dd703be']",
                  "item/language": "@outputs('GetResponseDetails')?['body/rb26c844ff536435a9abf2fae9d962082']",
                  "item/studyLevel": "@outputs('GetResponseDetails')?['body/r93c920c31aaf4b8f8ca5e55bb9a0bf87']",
                  "item/topicAreaSlug": "@replace(toLower(variables('TopicArea')),' ','_')",
                  "item/typeKey": "SUPERVISOR",
                  "item/statusKey": "OPEN",
                  "item/createdAt": "@outputs('GetResponseDetails')?['body/submitDate']",
                  "item/updatedAt": "@outputs('GetResponseDetails')?['body/submitDate']",
                  "item/timeFrame": "@outputs('GetResponseDetails')?['body/r564b7a6cc5bf42ffb900990d26246c80']",
                  "item/ownedByUserEmail": "@outputs('GetResponseDetails')?['body/responder']"
                },
                "authentication": "@parameters('$authentication')"
              }
            },
            "PersistProposalSupervision": {
              "runAfter": {
                "PersistProposal": [
                  "Succeeded"
                ]
              },
              "metadata": {
                "operationMetadataId": "d310ff8e-6f06-4cbc-bcaf-924e1974cdf2"
              },
              "type": "OpenApiConnection",
              "inputs": {
                "host": {
                  "connectionName": "shared_azuremysql",
                  "operationId": "PostItem",
                  "apiId": "/providers/Microsoft.PowerApps/apis/shared_azuremysql"
                },
                "parameters": {
                  "server": "default",
                  "database": "default",
                  "table": "[main].[userproposalsupervision]",
                  "item/id": "@variables('ProposalId')",
                  "item/proposalId": "@variables('ProposalId')",
                  "item/supervisorEmail": "@variables('SupervisorEmail')",
                  "item/studyLevel": "@outputs('GetResponseDetails')?['body/r93c920c31aaf4b8f8ca5e55bb9a0bf87']"
                },
                "authentication": "@parameters('$authentication')"
              }
            },
            "SupervisorConfirmationEmail": {
              "runAfter": {
                "IsProposalPdfAttached": [
                  "Succeeded"
                ],
                "PersistProposalSupervision": [
                  "Succeeded"
                ]
              },
              "metadata": {
                "operationMetadataId": "daa4cff2-ecb1-4b41-b8b0-5d29d315a3ea"
              },
              "type": "OpenApiConnection",
              "inputs": {
                "host": {
                  "connectionName": "shared_office365_1",
                  "operationId": "SharedMailboxSendEmailV2",
                  "apiId": "/providers/Microsoft.PowerApps/apis/shared_office365"
                },
                "parameters": {
                  "emailMessage/MailboxAddress": "@parameters('Outlook From Address (uzhbf_thesisplatform_outlook_from_address_env_var)')",
                  "emailMessage/To": "@variables('SupervisorEmail')",
                  "emailMessage/Subject": "DBF Theses - Your Proposal was posted",
                  "emailMessage/Body": "<p>Your proposal on \"@{outputs('GetResponseDetails')?['body/r2b3875d21899474a988a886e0d5b3621']}\" was posted on the DBF Thesis Platform. You will be notified as soon as applications are received.<br>\n<br>\nThe proposal is visible on https://theses.bf.uzh.ch/?supervisor=true&amp;proposalId=@{variables('ProposalId')}.<br>\n<br>\nIf you have any further remarks, please contact the DBF Thesis Coordinator by replying to this email.<br>\n<br>\nBest regards,<br>\nDBF Thesis Coordinator</p>",
                  "emailMessage/Cc": "@outputs('GetResponseDetails')?['body/responder']",
                  "emailMessage/Bcc": "@parameters('Outlook Management Inbox (uzhbf_thesisplatform_thesis_inbox_env_var)')",
                  "emailMessage/ReplyTo": "@parameters('Outlook Management Inbox (uzhbf_thesisplatform_thesis_inbox_env_var)')",
                  "emailMessage/Importance": "Normal"
                },
                "authentication": "@parameters('$authentication')"
              }
            },
            "SetTopicArea": {
              "runAfter": {
                "IfSupervisorExists": [
                  "Succeeded"
                ]
              },
              "metadata": {
                "operationMetadataId": "e71bf2e5-143e-4c24-a190-83399d562950"
              },
              "type": "SetVariable",
              "inputs": {
                "name": "TopicArea",
                "value": "@outputs('GetResponseDetails')?['body/r2a41d1ed540f418caa89f10a35cdb069']"
              }
            }
          },
          "runAfter": {
            "InitializeProposalPdfName": [
              "Succeeded"
            ]
          },
          "metadata": {
            "operationMetadataId": "c6409f3d-dcb2-43dd-b9fc-82dfb5e57771"
          },
          "type": "Scope"
        },
        "Catch": {
          "actions": {
            "FilterForFailedOrTimedOutStatus": {
              "runAfter": {},
              "metadata": {
                "operationMetadataId": "ca1bedd8-7555-4a99-a290-1c22c2e6e229"
              },
              "type": "Query",
              "inputs": {
                "from": "@result('Try')",
                "where": "@or(equals(item()?['Status'], 'Failed'), equals(item()?['Status'], 'TimedOut'))"
              }
            },
            "CreateHtmlTable": {
              "runAfter": {
                "FilterForFailedOrTimedOutStatus": [
                  "Succeeded"
                ]
              },
              "metadata": {
                "operationMetadataId": "34b6a96f-64c6-43fd-89a3-fe7d5ef245ff"
              },
              "type": "Table",
              "inputs": {
                "from": "@body('FilterForFailedOrTimedOutStatus')",
                "format": "HTML",
                "columns": [
                  {
                    "header": "ProposalId",
                    "value": "@triggerBody()?['proposalId']"
                  },
                  {
                    "header": "ProposalTitle",
                    "value": "@outputs('GetResponseDetails')?['body/r2b3875d21899474a988a886e0d5b3621']"
                  },
                  {
                    "header": "SubmittedBy",
                    "value": "@outputs('GetResponseDetails')?['body/responder']"
                  },
                  {
                    "header": "ErrorCode",
                    "value": "@item()?['code']"
                  }
                ]
              }
            },
            "Terminate": {
              "runAfter": {
                "SendFailureNotification": [
                  "Succeeded"
                ]
              },
              "metadata": {
                "operationMetadataId": "0f41eff7-41db-4eae-8e12-46f64d545e8b"
              },
              "type": "Terminate",
              "inputs": {
                "runStatus": "Cancelled"
              }
            },
            "SendFailureNotification": {
              "runAfter": {
                "CreateHtmlTable": [
                  "Succeeded"
                ]
              },
              "metadata": {
                "operationMetadataId": "e7c370de-36de-45b2-ae99-b7d0e7013242"
              },
              "type": "OpenApiConnection",
              "inputs": {
                "host": {
                  "connectionName": "shared_sendmail-2",
                  "operationId": "SendEmailV3",
                  "apiId": "/providers/Microsoft.PowerApps/apis/shared_sendmail"
                },
                "parameters": {
                  "request/to": "@{parameters('Email Failure Notification (uzhbf_thesisplatform_email_failure_env_var)')};",
                  "request/subject": "(@{parameters('Environment (uzhbf_thesisplatform_environment_env_var)')}) Failure in UZH BF Thesis Platform - Thesis Proposal Posting",
                  "request/text": "<p>@{body('CreateHtmlTable')}</p>"
                },
                "authentication": "@parameters('$authentication')"
              }
            }
          },
          "runAfter": {
            "Try": [
              "Failed",
              "TimedOut"
            ]
          },
          "metadata": {
            "operationMetadataId": "054f28a3-080c-4f8a-9529-1183121f12f9"
          },
          "type": "Scope"
        }
      }
    },
    "templateName": ""
  },
  "schemaVersion": "1.0.0.0"
}